<?xml version='1.0' encoding='UTF-8' ?>
<timeLogEntries>
  <time id="4" path="/No Proyecto/PSP0/Planning" start="@1536197982295" delta="97" />
  <time id="1" path="/No Proyecto/PSP0/Planning" start="@1536174301000" delta="65" />
  <time id="5" path="/No Proyecto/PSP0/Code" start="@1536277170433" delta="104" />
  <time id="6" path="/No Proyecto/PSP0/Code" start="@1536423807474" delta="156" />
  <time id="7" path="/Proyecto/BASQUETBALL/Planning" start="@1539033775280" delta="60" />
  <time id="8" path="/Proyecto/PSP0/Planning" start="@1538679687000" delta="87" comment="" />
  <time id="9" path="/Proyecto/PSP0/Planning" start="@1538842545000" delta="39" />
  <time id="13" path="/Proyecto/PSP0/Design" start="@1540500952000" delta="73" />
  <time id="14" path="/Proyecto/PSP0/Code" start="@1538940440000" delta="50" />
  <time id="15" path="/Proyecto/PSP0/Code" start="@1539893533000" delta="200" />
  <time id="16" path="/No Proyecto/Lab2AED/Code" start="@1552156512000" delta="484" comment="" />
  <time id="17" path="/No Proyecto/Lab2AED/Code" start="@1552857452000" delta="379" />
  <time id="18" path="/No Proyecto/Lab2AED/Code" start="@1552080844000" delta="100" />
  <time id="19" path="/No Proyecto/Lab2AED/Code" start="@1552678123000" delta="233" />
  <time id="20" path="/No Proyecto/Lab2AED/Code" start="@1552707411000" delta="398" />
  <time id="21" path="/No Proyecto/Lab2AED/Code" start="@1552466422000" delta="276" />
  <time id="23" path="/No Proyecto/Lab2AED/Code" start="@1552729386044" delta="11" />
  <time id="24" path="/No Proyecto/Lab2AED/Design" start="@1551971519000" delta="57" />
  <time id="25" path="/No Proyecto/Lab3AED/Code" start="@1556077339859" delta="55" />
  <time id="26" path="/No Proyecto/Lab3AED/Code" start="@1556136099380" delta="125" />
  <time id="27" path="/No Proyecto/Lab3AED/Compile" start="@1556143624531" delta="61" />
  <time id="28" path="/No Proyecto/Lab3AED/Code" start="@1556147282603" delta="20" />
  <time id="29" path="/No Proyecto/Lab3AED/Design" start="@1556156442791" delta="121" />
  <time id="30" path="/No Proyecto/Lab3AED/Test" start="@1556163741731" delta="185" />
  <time id="31" path="/No Proyecto/Lab3AED/Code" start="@1556203524850" delta="391" />
  <time id="32" path="/No Proyecto/Lab3AED/Test" start="@1556251684639" delta="3" />
  <time id="33" path="/No Proyecto/BotinaCesar_Lab3AED/Planning" start="@1554943650000" delta="334" />
  <time id="34" path="/No Proyecto/BotinaCesar_Lab3AED/Planning" start="@1555942702000" delta="67" />
  <time id="35" path="/No Proyecto/BotinaCesar_Lab3AED/Planning" start="@1555722420000" delta="47" />
  <time id="36" path="/No Proyecto/BotinaCesar_Lab3AED/Planning" start="@1556122712000" delta="29" />
  <time id="37" path="/No Proyecto/BotinaCesar_Lab3AED/Planning" start="@1556221512000" delta="124" />
  <time id="38" path="/No Proyecto/BotinaCesar_Lab3AED/Design" start="@1555698195000" delta="120" />
  <time id="39" path="/No Proyecto/BotinaCesar_Lab3AED/Design" start="@1555356195000" delta="30" />
  <time id="40" path="/No Proyecto/BotinaCesar_Lab3AED/Code" start="@1555939442000" delta="120" />
  <time id="41" path="/No Proyecto/BotinaCesar_Lab3AED/Code" start="@1556039674000" delta="48" />
  <time id="42" path="/No Proyecto/BotinaCesar_Lab3AED/Code" start="@1556205875000" delta="136" />
  <time id="43" path="/No Proyecto/GMaps/Planning" start="@1565478323290" delta="11" />
  <time id="44" path="/No Proyecto/GMaps/Code" start="@1565478959048" delta="18" />
  <time id="45" path="/No Proyecto/GMaps/Code" start="@1565549019319" delta="24" />
  <time id="46" path="/No Proyecto/GMaps/Design" start="@1565550457587" delta="301" />
  <time id="47" path="/No Proyecto/GMaps/Code" start="@1565568507762" delta="112" />
  <time id="48" path="/No Proyecto/GMaps/Design" start="@1565575460012" delta="46" />
  <time id="49" path="/No Proyecto/GMaps/Planning" start="@1565578245810" delta="31" />
  <time id="50" path="/No Proyecto/GMaps/Planning" start="@1565581031079" delta="96" />
  <time id="51" path="/No Proyecto/GMaps/Design" start="@1565586822092" delta="590" />
  <time id="52" path="/No Proyecto/GMaps/Compile" start="@1565622238259" delta="132" />
  <time id="53" path="/No Proyecto/GMaps/Code" start="@1565630163954" delta="38" />
</timeLogEntries>
